"OBJECTID","ID_0","ISO","NAME_0","ID_1","NAME_1","ID_2","NAME_2","ID_3","NAME_3","CCN_3","CCA_3","TYPE_3","ENGTYPE_3","NL_NAME_3","VARNAME_3"
1,174,"PAN","Panama",1,"Bocas del Toro",1,"Bocas del Toro",1,"Bastimentos",NA,"","Corregimiento","Municipality","",""
2,174,"PAN","Panama",1,"Bocas del Toro",1,"Bocas del Toro",2,"Bocas del Toro",NA,"","Corregimiento","Municipality","",""
3,174,"PAN","Panama",1,"Bocas del Toro",1,"Bocas del Toro",3,"Cauchero",NA,"","Corregimiento","Municipality","",""
4,174,"PAN","Panama",1,"Bocas del Toro",1,"Bocas del Toro",4,"Punta Laurel",NA,"","Corregimiento","Municipality","",""
5,174,"PAN","Panama",1,"Bocas del Toro",1,"Bocas del Toro",5,"Tierra Oscura",NA,"","Corregimiento","Municipality","",""
6,174,"PAN","Panama",1,"Bocas del Toro",2,"Changuinola",6,"Almirante",NA,"","Corregimiento","Municipality","",""
7,174,"PAN","Panama",1,"Bocas del Toro",2,"Changuinola",7,"Changuinola",NA,"","Corregimiento","Municipality","",""
8,174,"PAN","Panama",1,"Bocas del Toro",2,"Changuinola",8,"Guabito",NA,"","Corregimiento","Municipality","",""
9,174,"PAN","Panama",1,"Bocas del Toro",2,"Changuinola",9,"Teribe",NA,"","Corregimiento","Municipality","",""
10,174,"PAN","Panama",1,"Bocas del Toro",2,"Changuinola",10,"Valle del Risco",NA,"","Corregimiento","Municipality","",""
11,174,"PAN","Panama",1,"Bocas del Toro",3,"Chiriquí Grande",11,"Chiriquí Grande",NA,"","Corregimiento","Municipality","",""
12,174,"PAN","Panama",1,"Bocas del Toro",3,"Chiriquí Grande",12,"Miramar",NA,"","Corregimiento","Municipality","",""
13,174,"PAN","Panama",1,"Bocas del Toro",3,"Chiriquí Grande",13,"Punta Peña",NA,"","Corregimiento","Municipality","",""
14,174,"PAN","Panama",1,"Bocas del Toro",3,"Chiriquí Grande",14,"Punta Robalo",NA,"","Corregimiento","Municipality","",""
15,174,"PAN","Panama",1,"Bocas del Toro",3,"Chiriquí Grande",15,"Rambala",NA,"","Corregimiento","Municipality","",""
16,174,"PAN","Panama",2,"Chiriquí",4,"Alanje",16,"Alanje",NA,"","Corregimiento","Municipality","",""
17,174,"PAN","Panama",2,"Chiriquí",4,"Alanje",17,"Divalá",NA,"","Corregimiento","Municipality","",""
18,174,"PAN","Panama",2,"Chiriquí",4,"Alanje",18,"El Tejar",NA,"","Corregimiento","Municipality","",""
19,174,"PAN","Panama",2,"Chiriquí",4,"Alanje",19,"Guarumal",NA,"","Corregimiento","Municipality","",""
20,174,"PAN","Panama",2,"Chiriquí",4,"Alanje",20,"Palo Grande",NA,"","Corregimiento","Municipality","",""
21,174,"PAN","Panama",2,"Chiriquí",4,"Alanje",21,"Querévalo",NA,"","Corregimiento","Municipality","",""
22,174,"PAN","Panama",2,"Chiriquí",4,"Alanje",22,"Santo Tomás",NA,"","Corregimiento","Municipality","",""
23,174,"PAN","Panama",2,"Chiriquí",5,"Barú",23,"Baco",NA,"","Corregimiento","Municipality","",""
24,174,"PAN","Panama",2,"Chiriquí",5,"Barú",24,"Limones",NA,"","Corregimiento","Municipality","",""
25,174,"PAN","Panama",2,"Chiriquí",5,"Barú",25,"Progreso",NA,"","Corregimiento","Municipality","",""
26,174,"PAN","Panama",2,"Chiriquí",5,"Barú",26,"Puerto Armuelles",NA,"","Corregimiento","Municipality","",""
27,174,"PAN","Panama",2,"Chiriquí",5,"Barú",27,"Rodolfo Aguilar Delgado",NA,"","Corregimiento","Municipality","",""
28,174,"PAN","Panama",2,"Chiriquí",6,"Boquerón",28,"Bágala",NA,"","Corregimiento","Municipality","",""
29,174,"PAN","Panama",2,"Chiriquí",6,"Boquerón",29,"Boquerón",NA,"","Corregimiento","Municipality","",""
30,174,"PAN","Panama",2,"Chiriquí",6,"Boquerón",30,"Cordillera",NA,"","Corregimiento","Municipality","",""
31,174,"PAN","Panama",2,"Chiriquí",6,"Boquerón",31,"Guabal",NA,"","Corregimiento","Municipality","",""
32,174,"PAN","Panama",2,"Chiriquí",6,"Boquerón",32,"Guayabal",NA,"","Corregimiento","Municipality","",""
33,174,"PAN","Panama",2,"Chiriquí",6,"Boquerón",33,"Paraíso",NA,"","Corregimiento","Municipality","",""
34,174,"PAN","Panama",2,"Chiriquí",6,"Boquerón",34,"Pedregal",NA,"","Corregimiento","Municipality","",""
35,174,"PAN","Panama",2,"Chiriquí",6,"Boquerón",35,"Tijeras",NA,"","Corregimiento","Municipality","",""
36,174,"PAN","Panama",2,"Chiriquí",7,"Boquete",36,"Alto Boquete",NA,"","Corregimiento","Municipality","",""
37,174,"PAN","Panama",2,"Chiriquí",7,"Boquete",37,"Bajo Boquete",NA,"","Corregimiento","Municipality","",""
38,174,"PAN","Panama",2,"Chiriquí",7,"Boquete",38,"Caldera",NA,"","Corregimiento","Municipality","",""
39,174,"PAN","Panama",2,"Chiriquí",7,"Boquete",39,"Jaramillo",NA,"","Corregimiento","Municipality","",""
40,174,"PAN","Panama",2,"Chiriquí",7,"Boquete",40,"Los Naranjos",NA,"","Corregimiento","Municipality","",""
41,174,"PAN","Panama",2,"Chiriquí",7,"Boquete",41,"Palmira",NA,"","Corregimiento","Municipality","",""
42,174,"PAN","Panama",2,"Chiriquí",8,"Bugaba",42,"Aserrío de Gariché",NA,"","Corregimiento","Municipality","",""
43,174,"PAN","Panama",2,"Chiriquí",8,"Bugaba",43,"Bugaba",NA,"","Corregimiento","Municipality","",""
44,174,"PAN","Panama",2,"Chiriquí",8,"Bugaba",44,"Cerro Punta",NA,"","Corregimiento","Municipality","",""
45,174,"PAN","Panama",2,"Chiriquí",8,"Bugaba",45,"El Bongo",NA,"","Corregimiento","Municipality","",""
46,174,"PAN","Panama",2,"Chiriquí",8,"Bugaba",46,"Gómez",NA,"","Corregimiento","Municipality","",""
47,174,"PAN","Panama",2,"Chiriquí",8,"Bugaba",47,"La Concepción",NA,"","Corregimiento","Municipality","",""
48,174,"PAN","Panama",2,"Chiriquí",8,"Bugaba",48,"La Estrella",NA,"","Corregimiento","Municipality","",""
49,174,"PAN","Panama",2,"Chiriquí",8,"Bugaba",49,"San Andrés",NA,"","Corregimiento","Municipality","",""
50,174,"PAN","Panama",2,"Chiriquí",8,"Bugaba",50,"Santa Marta",NA,"","Corregimiento","Municipality","",""
51,174,"PAN","Panama",2,"Chiriquí",8,"Bugaba",51,"Santa Rosa",NA,"","Corregimiento","Municipality","",""
52,174,"PAN","Panama",2,"Chiriquí",8,"Bugaba",52,"Santo Domingo",NA,"","Corregimiento","Municipality","",""
53,174,"PAN","Panama",2,"Chiriquí",8,"Bugaba",53,"Sortová",NA,"","Corregimiento","Municipality","",""
54,174,"PAN","Panama",2,"Chiriquí",8,"Bugaba",54,"Volcán",NA,"","Corregimiento","Municipality","",""
55,174,"PAN","Panama",2,"Chiriquí",9,"David",55,"Bijagual",NA,"","Corregimiento","Municipality","",""
56,174,"PAN","Panama",2,"Chiriquí",9,"David",56,"Chiriquí",NA,"","Corregimiento","Municipality","",""
57,174,"PAN","Panama",2,"Chiriquí",9,"David",57,"Cochea",NA,"","Corregimiento","Municipality","",""
58,174,"PAN","Panama",2,"Chiriquí",9,"David",58,"David",NA,"","Corregimiento","Municipality","",""
59,174,"PAN","Panama",2,"Chiriquí",9,"David",59,"Guacá",NA,"","Corregimiento","Municipality","",""
60,174,"PAN","Panama",2,"Chiriquí",9,"David",60,"Las Lomas",NA,"","Corregimiento","Municipality","",""
61,174,"PAN","Panama",2,"Chiriquí",9,"David",61,"Pedregal",NA,"","Corregimiento","Municipality","",""
62,174,"PAN","Panama",2,"Chiriquí",9,"David",62,"San Carlos",NA,"","Corregimiento","Municipality","",""
63,174,"PAN","Panama",2,"Chiriquí",9,"David",63,"San Pablo Nuevo",NA,"","Corregimiento","Municipality","",""
64,174,"PAN","Panama",2,"Chiriquí",9,"David",64,"San Pablo Viejo",NA,"","Corregimiento","Municipality","",""
65,174,"PAN","Panama",2,"Chiriquí",10,"Dolega",65,"Dolega",NA,"","Corregimiento","Municipality","",""
66,174,"PAN","Panama",2,"Chiriquí",10,"Dolega",66,"Dos Ríos",NA,"","Corregimiento","Municipality","",""
67,174,"PAN","Panama",2,"Chiriquí",10,"Dolega",67,"Los Anastacios",NA,"","Corregimiento","Municipality","",""
68,174,"PAN","Panama",2,"Chiriquí",10,"Dolega",68,"Potrerillos Abajo",NA,"","Corregimiento","Municipality","",""
69,174,"PAN","Panama",2,"Chiriquí",10,"Dolega",69,"Potrerillos",NA,"","Corregimiento","Municipality","",""
70,174,"PAN","Panama",2,"Chiriquí",10,"Dolega",70,"Rovira",NA,"","Corregimiento","Municipality","",""
71,174,"PAN","Panama",2,"Chiriquí",10,"Dolega",71,"Tinajas",NA,"","Corregimiento","Municipality","",""
72,174,"PAN","Panama",2,"Chiriquí",11,"Gualaca",72,"Gualaca",NA,"","Corregimiento","Municipality","",""
73,174,"PAN","Panama",2,"Chiriquí",11,"Gualaca",73,"Hornito",NA,"","Corregimiento","Municipality","",""
74,174,"PAN","Panama",2,"Chiriquí",11,"Gualaca",74,"Los Angeles",NA,"","Corregimiento","Municipality","",""
75,174,"PAN","Panama",2,"Chiriquí",11,"Gualaca",75,"Paja de Sombrero",NA,"","Corregimiento","Municipality","",""
76,174,"PAN","Panama",2,"Chiriquí",11,"Gualaca",76,"Rincón",NA,"","Corregimiento","Municipality","",""
77,174,"PAN","Panama",2,"Chiriquí",12,"Remedios",77,"El Nancito",NA,"","Corregimiento","Municipality","",""
78,174,"PAN","Panama",2,"Chiriquí",12,"Remedios",78,"El Porvenir",NA,"","Corregimiento","Municipality","",""
79,174,"PAN","Panama",2,"Chiriquí",12,"Remedios",79,"El Puerto",NA,"","Corregimiento","Municipality","",""
80,174,"PAN","Panama",2,"Chiriquí",12,"Remedios",80,"Remedios",NA,"","Corregimiento","Municipality","",""
81,174,"PAN","Panama",2,"Chiriquí",12,"Remedios",81,"Santa Lucía",NA,"","Corregimiento","Municipality","",""
82,174,"PAN","Panama",2,"Chiriquí",13,"Renacimiento",82,"Breñón",NA,"","Corregimiento","Municipality","",""
83,174,"PAN","Panama",2,"Chiriquí",13,"Renacimiento",83,"Cañas Gordas",NA,"","Corregimiento","Municipality","",""
84,174,"PAN","Panama",2,"Chiriquí",13,"Renacimiento",84,"Monte Lirio",NA,"","Corregimiento","Municipality","",""
85,174,"PAN","Panama",2,"Chiriquí",13,"Renacimiento",85,"Plaza Caisán",NA,"","Corregimiento","Municipality","",""
86,174,"PAN","Panama",2,"Chiriquí",13,"Renacimiento",86,"Río Sereno",NA,"","Corregimiento","Municipality","",""
87,174,"PAN","Panama",2,"Chiriquí",13,"Renacimiento",87,"Santa Cruz",NA,"","Corregimiento","Municipality","",""
88,174,"PAN","Panama",2,"Chiriquí",14,"San Félix",88,"Juay",NA,"","Corregimiento","Municipality","",""
89,174,"PAN","Panama",2,"Chiriquí",14,"San Félix",89,"La Lajas",NA,"","Corregimiento","Municipality","",""
90,174,"PAN","Panama",2,"Chiriquí",14,"San Félix",90,"Lajas Adentro",NA,"","Corregimiento","Municipality","",""
91,174,"PAN","Panama",2,"Chiriquí",14,"San Félix",91,"San Félix",NA,"","Corregimiento","Municipality","",""
92,174,"PAN","Panama",2,"Chiriquí",14,"San Félix",92,"Santa Cruz",NA,"","Corregimiento","Municipality","",""
93,174,"PAN","Panama",2,"Chiriquí",15,"San Lorenzo",93,"Boca Chica",NA,"","Corregimiento","Municipality","",""
94,174,"PAN","Panama",2,"Chiriquí",15,"San Lorenzo",94,"Boca del Monte",NA,"","Corregimiento","Municipality","",""
95,174,"PAN","Panama",2,"Chiriquí",15,"San Lorenzo",95,"Horconcitos",NA,"","Corregimiento","Municipality","",""
96,174,"PAN","Panama",2,"Chiriquí",15,"San Lorenzo",96,"San Juan",NA,"","Corregimiento","Municipality","",""
97,174,"PAN","Panama",2,"Chiriquí",15,"San Lorenzo",97,"San Lorenzo",NA,"","Corregimiento","Municipality","",""
98,174,"PAN","Panama",2,"Chiriquí",16,"Tolé",98,"Bella Vista",NA,"","Corregimiento","Municipality","",""
99,174,"PAN","Panama",2,"Chiriquí",16,"Tolé",99,"Cerro Viejo",NA,"","Corregimiento","Municipality","",""
100,174,"PAN","Panama",2,"Chiriquí",16,"Tolé",100,"El Cristo",NA,"","Corregimiento","Municipality","",""
101,174,"PAN","Panama",2,"Chiriquí",16,"Tolé",101,"Justo Fidel Palacios",NA,"","Corregimiento","Municipality","",""
102,174,"PAN","Panama",2,"Chiriquí",16,"Tolé",102,"Lajas de Tolé",NA,"","Corregimiento","Municipality","",""
103,174,"PAN","Panama",2,"Chiriquí",16,"Tolé",103,"Potrero de Caña",NA,"","Corregimiento","Municipality","",""
104,174,"PAN","Panama",2,"Chiriquí",16,"Tolé",104,"Quebrada de Piedra",NA,"","Corregimiento","Municipality","",""
105,174,"PAN","Panama",2,"Chiriquí",16,"Tolé",105,"Tolé",NA,"","Corregimiento","Municipality","",""
106,174,"PAN","Panama",2,"Chiriquí",16,"Tolé",106,"Veladero",NA,"","Corregimiento","Municipality","",""
107,174,"PAN","Panama",3,"Coclé",17,"Aguadulce",107,"Aguadulce",NA,"","Corregimiento","Municipality","",""
108,174,"PAN","Panama",3,"Coclé",17,"Aguadulce",108,"Barrios Unidos",NA,"","Corregimiento","Municipality","",""
109,174,"PAN","Panama",3,"Coclé",17,"Aguadulce",109,"El Cristo",NA,"","Corregimiento","Municipality","",""
110,174,"PAN","Panama",3,"Coclé",17,"Aguadulce",110,"El Roble",NA,"","Corregimiento","Municipality","",""
111,174,"PAN","Panama",3,"Coclé",17,"Aguadulce",111,"Pocrí",NA,"","Corregimiento","Municipality","",""
112,174,"PAN","Panama",3,"Coclé",18,"Antón",112,"Antón",NA,"","Corregimiento","Municipality","",""
113,174,"PAN","Panama",3,"Coclé",18,"Antón",113,"Caballero",NA,"","Corregimiento","Municipality","",""
114,174,"PAN","Panama",3,"Coclé",18,"Antón",114,"Cabuya",NA,"","Corregimiento","Municipality","",""
115,174,"PAN","Panama",3,"Coclé",18,"Antón",115,"El Chirú",NA,"","Corregimiento","Municipality","",""
116,174,"PAN","Panama",3,"Coclé",18,"Antón",116,"El Retiro",NA,"","Corregimiento","Municipality","",""
117,174,"PAN","Panama",3,"Coclé",18,"Antón",117,"El Valle",NA,"","Corregimiento","Municipality","",""
118,174,"PAN","Panama",3,"Coclé",18,"Antón",118,"Juan Diaz",NA,"","Corregimiento","Municipality","",""
119,174,"PAN","Panama",3,"Coclé",18,"Antón",119,"Río Hato",NA,"","Corregimiento","Municipality","",""
120,174,"PAN","Panama",3,"Coclé",18,"Antón",120,"San Juan de Dios",NA,"","Corregimiento","Municipality","",""
121,174,"PAN","Panama",3,"Coclé",18,"Antón",121,"Santa Rita",NA,"","Corregimiento","Municipality","",""
122,174,"PAN","Panama",3,"Coclé",19,"La Pintada",122,"El Harino",NA,"","Corregimiento","Municipality","",""
123,174,"PAN","Panama",3,"Coclé",19,"La Pintada",123,"El Potrero",NA,"","Corregimiento","Municipality","",""
124,174,"PAN","Panama",3,"Coclé",19,"La Pintada",124,"La Pintada",NA,"","Corregimiento","Municipality","",""
125,174,"PAN","Panama",3,"Coclé",19,"La Pintada",125,"Las Lomas",NA,"","Corregimiento","Municipality","",""
126,174,"PAN","Panama",3,"Coclé",19,"La Pintada",126,"Llano Grande",NA,"","Corregimiento","Municipality","",""
127,174,"PAN","Panama",3,"Coclé",19,"La Pintada",127,"Piedras Gordas",NA,"","Corregimiento","Municipality","",""
128,174,"PAN","Panama",3,"Coclé",20,"Natá",128,"Capellania",NA,"","Corregimiento","Municipality","",""
129,174,"PAN","Panama",3,"Coclé",20,"Natá",129,"El Caño",NA,"","Corregimiento","Municipality","",""
130,174,"PAN","Panama",3,"Coclé",20,"Natá",130,"Guzmán",NA,"","Corregimiento","Municipality","",""
131,174,"PAN","Panama",3,"Coclé",20,"Natá",131,"Las Huacas",NA,"","Corregimiento","Municipality","",""
132,174,"PAN","Panama",3,"Coclé",20,"Natá",132,"Natá",NA,"","Corregimiento","Municipality","",""
133,174,"PAN","Panama",3,"Coclé",20,"Natá",133,"Toza",NA,"","Corregimiento","Municipality","",""
134,174,"PAN","Panama",3,"Coclé",21,"Olá",134,"El Copé",NA,"","Corregimiento","Municipality","",""
135,174,"PAN","Panama",3,"Coclé",21,"Olá",135,"El Palmar",NA,"","Corregimiento","Municipality","",""
136,174,"PAN","Panama",3,"Coclé",21,"Olá",136,"El Picacho",NA,"","Corregimiento","Municipality","",""
137,174,"PAN","Panama",3,"Coclé",21,"Olá",137,"La Pava",NA,"","Corregimiento","Municipality","",""
138,174,"PAN","Panama",3,"Coclé",21,"Olá",138,"Olá",NA,"","Corregimiento","Municipality","",""
139,174,"PAN","Panama",3,"Coclé",22,"Penonomé",139,"Cañaveral",NA,"","Corregimiento","Municipality","",""
140,174,"PAN","Panama",3,"Coclé",22,"Penonomé",140,"Chiguirí Arriba",NA,"","Corregimiento","Municipality","",""
141,174,"PAN","Panama",3,"Coclé",22,"Penonomé",141,"Coclé",NA,"","Corregimiento","Municipality","",""
142,174,"PAN","Panama",3,"Coclé",22,"Penonomé",142,"El Coco",NA,"","Corregimiento","Municipality","",""
143,174,"PAN","Panama",3,"Coclé",22,"Penonomé",143,"Pajonal",NA,"","Corregimiento","Municipality","",""
144,174,"PAN","Panama",3,"Coclé",22,"Penonomé",144,"Penonomé",NA,"","Corregimiento","Municipality","",""
145,174,"PAN","Panama",3,"Coclé",22,"Penonomé",145,"Río Grande",NA,"","Corregimiento","Municipality","",""
146,174,"PAN","Panama",3,"Coclé",22,"Penonomé",146,"Río Indio",NA,"","Corregimiento","Municipality","",""
147,174,"PAN","Panama",3,"Coclé",22,"Penonomé",147,"Toabré",NA,"","Corregimiento","Municipality","",""
148,174,"PAN","Panama",3,"Coclé",22,"Penonomé",148,"Tulu",NA,"","Corregimiento","Municipality","",""
149,174,"PAN","Panama",4,"Colón",23,"Chagres",149,"Achiote",NA,"","Corregimiento","Municipality","",""
150,174,"PAN","Panama",4,"Colón",23,"Chagres",150,"El Guabo",NA,"","Corregimiento","Municipality","",""
151,174,"PAN","Panama",4,"Colón",23,"Chagres",151,"La Encantada",NA,"","Corregimiento","Municipality","",""
152,174,"PAN","Panama",4,"Colón",23,"Chagres",152,"Nuevo Chagres",NA,"","Corregimiento","Municipality","",""
153,174,"PAN","Panama",4,"Colón",23,"Chagres",153,"Palmas Bellas",NA,"","Corregimiento","Municipality","",""
154,174,"PAN","Panama",4,"Colón",23,"Chagres",154,"Piña",NA,"","Corregimiento","Municipality","",""
155,174,"PAN","Panama",4,"Colón",23,"Chagres",155,"Salud",NA,"","Corregimiento","Municipality","",""
156,174,"PAN","Panama",4,"Colón",24,"Colón",156,"Barrio Norte",NA,"","Corregimiento","Municipality","",""
157,174,"PAN","Panama",4,"Colón",24,"Colón",157,"Barrio Sur",NA,"","Corregimiento","Municipality","",""
158,174,"PAN","Panama",4,"Colón",24,"Colón",158,"Buena Vista",NA,"","Corregimiento","Municipality","",""
159,174,"PAN","Panama",4,"Colón",24,"Colón",159,"Cativá",NA,"","Corregimiento","Municipality","",""
160,174,"PAN","Panama",4,"Colón",24,"Colón",160,"Ciricito",NA,"","Corregimiento","Municipality","",""
161,174,"PAN","Panama",4,"Colón",24,"Colón",161,"Cristóbal",NA,"","Corregimiento","Municipality","",""
162,174,"PAN","Panama",4,"Colón",24,"Colón",162,"Escobal",NA,"","Corregimiento","Municipality","",""
163,174,"PAN","Panama",4,"Colón",24,"Colón",163,"Limón",NA,"","Corregimiento","Municipality","",""
164,174,"PAN","Panama",4,"Colón",24,"Colón",164,"Nueva Providencia",NA,"","Corregimiento","Municipality","",""
165,174,"PAN","Panama",4,"Colón",24,"Colón",165,"Puerto Pilón",NA,"","Corregimiento","Municipality","",""
166,174,"PAN","Panama",4,"Colón",24,"Colón",166,"Sabanitas",NA,"","Corregimiento","Municipality","",""
167,174,"PAN","Panama",4,"Colón",24,"Colón",167,"Salamanca",NA,"","Corregimiento","Municipality","",""
168,174,"PAN","Panama",4,"Colón",24,"Colón",168,"San Juan",NA,"","Corregimiento","Municipality","",""
169,174,"PAN","Panama",4,"Colón",24,"Colón",169,"Santa Rosa",NA,"","Corregimiento","Municipality","",""
170,174,"PAN","Panama",4,"Colón",25,"Donoso",170,"Coclé del Norte",NA,"","Corregimiento","Municipality","",""
171,174,"PAN","Panama",4,"Colón",25,"Donoso",171,"El Guásimo",NA,"","Corregimiento","Municipality","",""
172,174,"PAN","Panama",4,"Colón",25,"Donoso",172,"Gobea",NA,"","Corregimiento","Municipality","",""
173,174,"PAN","Panama",4,"Colón",25,"Donoso",173,"Miguel de la Borda",NA,"","Corregimiento","Municipality","",""
174,174,"PAN","Panama",4,"Colón",25,"Donoso",174,"Río Indio",NA,"","Corregimiento","Municipality","",""
175,174,"PAN","Panama",4,"Colón",25,"Donoso",175,"San José del General",NA,"","Corregimiento","Municipality","",""
176,174,"PAN","Panama",4,"Colón",26,"Lago Gatún",176,"Waterbody",NA,"","Water body","Water body","",""
177,174,"PAN","Panama",4,"Colón",27,"Portobelo",177,"Cacique",NA,"","Corregimiento","Municipality","",""
178,174,"PAN","Panama",4,"Colón",27,"Portobelo",178,"Garrote",NA,"","Corregimiento","Municipality","",""
179,174,"PAN","Panama",4,"Colón",27,"Portobelo",179,"Isla Grande",NA,"","Corregimiento","Municipality","",""
180,174,"PAN","Panama",4,"Colón",27,"Portobelo",180,"María Chiquita",NA,"","Corregimiento","Municipality","",""
181,174,"PAN","Panama",4,"Colón",27,"Portobelo",181,"Portobelo",NA,"","Corregimiento","Municipality","",""
182,174,"PAN","Panama",4,"Colón",28,"Santa Isabel",182,"Cuango",NA,"","Corregimiento","Municipality","",""
183,174,"PAN","Panama",4,"Colón",28,"Santa Isabel",183,"Miramar",NA,"","Corregimiento","Municipality","",""
184,174,"PAN","Panama",4,"Colón",28,"Santa Isabel",184,"Nombre de Dios",NA,"","Corregimiento","Municipality","",""
185,174,"PAN","Panama",4,"Colón",28,"Santa Isabel",185,"Palenque",NA,"","Corregimiento","Municipality","",""
186,174,"PAN","Panama",4,"Colón",28,"Santa Isabel",186,"Palmira",NA,"","Corregimiento","Municipality","",""
187,174,"PAN","Panama",4,"Colón",28,"Santa Isabel",187,"Playa Chiquita",NA,"","Corregimiento","Municipality","",""
188,174,"PAN","Panama",4,"Colón",28,"Santa Isabel",188,"Santa Isabel",NA,"","Corregimiento","Municipality","",""
189,174,"PAN","Panama",4,"Colón",28,"Santa Isabel",189,"Viento Frío",NA,"","Corregimiento","Municipality","",""
190,174,"PAN","Panama",5,"Darién",29,"Chepigana",190,"Agua Fría",NA,"","Corregimiento","Municipality","",""
191,174,"PAN","Panama",5,"Darién",29,"Chepigana",191,"Camogantí",NA,"","Corregimiento","Municipality","",""
192,174,"PAN","Panama",5,"Darién",29,"Chepigana",192,"Chepigana",NA,"","Corregimiento","Municipality","",""
193,174,"PAN","Panama",5,"Darién",29,"Chepigana",193,"Cucunatí",NA,"","Corregimiento","Municipality","",""
194,174,"PAN","Panama",5,"Darién",29,"Chepigana",194,"Garachiné",NA,"","Corregimiento","Municipality","",""
195,174,"PAN","Panama",5,"Darién",29,"Chepigana",195,"Jaqué",NA,"","Corregimiento","Municipality","",""
196,174,"PAN","Panama",5,"Darién",29,"Chepigana",196,"La Palma",NA,"","Corregimiento","Municipality","",""
197,174,"PAN","Panama",5,"Darién",29,"Chepigana",197,"Puerto Piña",NA,"","Corregimiento","Municipality","",""
198,174,"PAN","Panama",5,"Darién",29,"Chepigana",198,"Río Congo Arriba",NA,"","Corregimiento","Municipality","",""
199,174,"PAN","Panama",5,"Darién",29,"Chepigana",199,"Río Congo",NA,"","Corregimiento","Municipality","",""
200,174,"PAN","Panama",5,"Darién",29,"Chepigana",200,"Río Iglesias",NA,"","Corregimiento","Municipality","",""
201,174,"PAN","Panama",5,"Darién",29,"Chepigana",201,"Sambú",NA,"","Corregimiento","Municipality","",""
202,174,"PAN","Panama",5,"Darién",29,"Chepigana",202,"Santa Fé",NA,"","Corregimiento","Municipality","",""
203,174,"PAN","Panama",5,"Darién",29,"Chepigana",203,"Setegantí",NA,"","Corregimiento","Municipality","",""
204,174,"PAN","Panama",5,"Darién",29,"Chepigana",204,"Taimatí",NA,"","Corregimiento","Municipality","",""
205,174,"PAN","Panama",5,"Darién",29,"Chepigana",205,"Tucutí",NA,"","Corregimiento","Municipality","",""
206,174,"PAN","Panama",5,"Darién",30,"Pinogana",206,"Boca de Cupé",NA,"","Corregimiento","Municipality","",""
207,174,"PAN","Panama",5,"Darién",30,"Pinogana",207,"El Real de Santa María",NA,"","Corregimiento","Municipality","",""
208,174,"PAN","Panama",5,"Darién",30,"Pinogana",208,"Kuna de Wargandí",NA,"","Comarca Indígena","Indigenous Territory","",""
209,174,"PAN","Panama",5,"Darién",30,"Pinogana",209,"Metetí",NA,"","Corregimiento","Municipality","",""
210,174,"PAN","Panama",5,"Darién",30,"Pinogana",210,"Púcuro",NA,"","Corregimiento","Municipality","",""
211,174,"PAN","Panama",5,"Darién",30,"Pinogana",211,"Paya",NA,"","Corregimiento","Municipality","",""
212,174,"PAN","Panama",5,"Darién",30,"Pinogana",212,"Pinogana",NA,"","Corregimiento","Municipality","",""
213,174,"PAN","Panama",5,"Darién",30,"Pinogana",213,"Yape",NA,"","Corregimiento","Municipality","",""
214,174,"PAN","Panama",5,"Darién",30,"Pinogana",214,"Yaviza",NA,"","Corregimiento","Municipality","",""
215,174,"PAN","Panama",6,"Emberá",31,"Cémaco",215,"Cirilo Guainora",NA,"","Corregimiento","Municipality","",""
216,174,"PAN","Panama",6,"Emberá",31,"Cémaco",216,"Lajas Blancas",NA,"","Corregimiento","Municipality","",""
217,174,"PAN","Panama",6,"Emberá",31,"Cémaco",217,"Manuel Ortega",NA,"","Corregimiento","Municipality","",""
218,174,"PAN","Panama",6,"Emberá",32,"Sambú",218,"Jingurudó",NA,"","Corregimiento","Municipality","",""
219,174,"PAN","Panama",6,"Emberá",32,"Sambú",219,"Río Sábalo",NA,"","Corregimiento","Municipality","",""
220,174,"PAN","Panama",7,"Herrera",33,"Chitré",220,"Chitré",NA,"","Corregimiento","Municipality","",""
221,174,"PAN","Panama",7,"Herrera",33,"Chitré",221,"La Arena",NA,"","Corregimiento","Municipality","",""
222,174,"PAN","Panama",7,"Herrera",33,"Chitré",222,"Llano Bonito",NA,"","Corregimiento","Municipality","",""
223,174,"PAN","Panama",7,"Herrera",33,"Chitré",223,"Monagrillo",NA,"","Corregimiento","Municipality","",""
224,174,"PAN","Panama",7,"Herrera",33,"Chitré",224,"San Juan Bautista",NA,"","Corregimiento","Municipality","",""
225,174,"PAN","Panama",7,"Herrera",34,"Las Minas",225,"Chepo",NA,"","Corregimiento","Municipality","",""
226,174,"PAN","Panama",7,"Herrera",34,"Las Minas",226,"Chumical",NA,"","Corregimiento","Municipality","",""
227,174,"PAN","Panama",7,"Herrera",34,"Las Minas",227,"El Toro",NA,"","Corregimiento","Municipality","",""
228,174,"PAN","Panama",7,"Herrera",34,"Las Minas",228,"Las Minas",NA,"","Corregimiento","Municipality","",""
229,174,"PAN","Panama",7,"Herrera",34,"Las Minas",229,"Leones",NA,"","Corregimiento","Municipality","",""
230,174,"PAN","Panama",7,"Herrera",34,"Las Minas",230,"Quebrada del Rosario",NA,"","Corregimiento","Municipality","",""
231,174,"PAN","Panama",7,"Herrera",35,"Los Pozos",231,"Capurí",NA,"","Corregimiento","Municipality","",""
232,174,"PAN","Panama",7,"Herrera",35,"Los Pozos",232,"El Calabacito",NA,"","Corregimiento","Municipality","",""
233,174,"PAN","Panama",7,"Herrera",35,"Los Pozos",233,"El Cedro",NA,"","Corregimiento","Municipality","",""
234,174,"PAN","Panama",7,"Herrera",35,"Los Pozos",234,"La Arena",NA,"","Corregimiento","Municipality","",""
235,174,"PAN","Panama",7,"Herrera",35,"Los Pozos",235,"La Pitalosa",NA,"","Corregimiento","Municipality","",""
236,174,"PAN","Panama",7,"Herrera",35,"Los Pozos",236,"Los Cerritos",NA,"","Corregimiento","Municipality","",""
237,174,"PAN","Panama",7,"Herrera",35,"Los Pozos",237,"Los Cerros de Paja",NA,"","Corregimiento","Municipality","",""
238,174,"PAN","Panama",7,"Herrera",35,"Los Pozos",238,"Los Pozos",NA,"","Corregimiento","Municipality","",""
239,174,"PAN","Panama",7,"Herrera",36,"Ocú",239,"Cerro Largo",NA,"","Corregimiento","Municipality","",""
240,174,"PAN","Panama",7,"Herrera",36,"Ocú",240,"El Tijera",NA,"","Corregimiento","Municipality","",""
241,174,"PAN","Panama",7,"Herrera",36,"Ocú",241,"Llano Grande",NA,"","Corregimiento","Municipality","",""
242,174,"PAN","Panama",7,"Herrera",36,"Ocú",242,"Los Llanos",NA,"","Corregimiento","Municipality","",""
243,174,"PAN","Panama",7,"Herrera",36,"Ocú",243,"Ocú",NA,"","Corregimiento","Municipality","",""
244,174,"PAN","Panama",7,"Herrera",36,"Ocú",244,"Peñas Chatas",NA,"","Corregimiento","Municipality","",""
245,174,"PAN","Panama",7,"Herrera",37,"Parita",245,"Cabuya",NA,"","Corregimiento","Municipality","",""
246,174,"PAN","Panama",7,"Herrera",37,"Parita",246,"Llano de la Cruz",NA,"","Corregimiento","Municipality","",""
247,174,"PAN","Panama",7,"Herrera",37,"Parita",247,"Los Castillos",NA,"","Corregimiento","Municipality","",""
248,174,"PAN","Panama",7,"Herrera",37,"Parita",248,"París",NA,"","Corregimiento","Municipality","",""
249,174,"PAN","Panama",7,"Herrera",37,"Parita",249,"Parita",NA,"","Corregimiento","Municipality","",""
250,174,"PAN","Panama",7,"Herrera",37,"Parita",250,"Portobelillo",NA,"","Corregimiento","Municipality","",""
251,174,"PAN","Panama",7,"Herrera",37,"Parita",251,"Potuga",NA,"","Corregimiento","Municipality","",""
252,174,"PAN","Panama",7,"Herrera",38,"Pesé",252,"El Barrero",NA,"","Corregimiento","Municipality","",""
253,174,"PAN","Panama",7,"Herrera",38,"Pesé",253,"El Ciruelo",NA,"","Corregimiento","Municipality","",""
254,174,"PAN","Panama",7,"Herrera",38,"Pesé",254,"El Pájaro",NA,"","Corregimiento","Municipality","",""
255,174,"PAN","Panama",7,"Herrera",38,"Pesé",255,"El Pedregoso",NA,"","Corregimiento","Municipality","",""
256,174,"PAN","Panama",7,"Herrera",38,"Pesé",256,"Las Cabras",NA,"","Corregimiento","Municipality","",""
257,174,"PAN","Panama",7,"Herrera",38,"Pesé",257,"Pesé",NA,"","Corregimiento","Municipality","",""
258,174,"PAN","Panama",7,"Herrera",38,"Pesé",258,"Rincón Hondo",NA,"","Corregimiento","Municipality","",""
259,174,"PAN","Panama",7,"Herrera",38,"Pesé",259,"Sabanagrande",NA,"","Corregimiento","Municipality","",""
260,174,"PAN","Panama",7,"Herrera",39,"Santa María",260,"Chupampa",NA,"","Corregimiento","Municipality","",""
261,174,"PAN","Panama",7,"Herrera",39,"Santa María",261,"El Limón",NA,"","Corregimiento","Municipality","",""
262,174,"PAN","Panama",7,"Herrera",39,"Santa María",262,"El Rincón",NA,"","Corregimiento","Municipality","",""
263,174,"PAN","Panama",7,"Herrera",39,"Santa María",263,"Los Canelos",NA,"","Corregimiento","Municipality","",""
264,174,"PAN","Panama",7,"Herrera",39,"Santa María",264,"Santa María",NA,"","Corregimiento","Municipality","",""
265,174,"PAN","Panama",8,"Kuna Yala",40,"Kuna Yala",265,"Ailigandí",NA,"","Corregimiento","Municipality","",""
266,174,"PAN","Panama",8,"Kuna Yala",40,"Kuna Yala",266,"Narganá",NA,"","Corregimiento","Municipality","",""
267,174,"PAN","Panama",8,"Kuna Yala",40,"Kuna Yala",267,"Puerto Obaldía",NA,"","Corregimiento","Municipality","",""
268,174,"PAN","Panama",8,"Kuna Yala",40,"Kuna Yala",268,"Tubualá",NA,"","Corregimiento","Municipality","",""
269,174,"PAN","Panama",9,"Los Santos",41,"Guararé",269,"El Espinal",NA,"","Corregimiento","Municipality","",""
270,174,"PAN","Panama",9,"Los Santos",41,"Guararé",270,"El Hato",NA,"","Corregimiento","Municipality","",""
271,174,"PAN","Panama",9,"Los Santos",41,"Guararé",271,"El Macano",NA,"","Corregimiento","Municipality","",""
272,174,"PAN","Panama",9,"Los Santos",41,"Guararé",272,"Guararé Arriba",NA,"","Corregimiento","Municipality","",""
273,174,"PAN","Panama",9,"Los Santos",41,"Guararé",273,"Guararé",NA,"","Corregimiento","Municipality","",""
274,174,"PAN","Panama",9,"Los Santos",41,"Guararé",274,"La Enea",NA,"","Corregimiento","Municipality","",""
275,174,"PAN","Panama",9,"Los Santos",41,"Guararé",275,"La Pasera",NA,"","Corregimiento","Municipality","",""
276,174,"PAN","Panama",9,"Los Santos",41,"Guararé",276,"Las Trancas",NA,"","Corregimiento","Municipality","",""
277,174,"PAN","Panama",9,"Los Santos",41,"Guararé",277,"Llano Abajo",NA,"","Corregimiento","Municipality","",""
278,174,"PAN","Panama",9,"Los Santos",41,"Guararé",278,"Perales",NA,"","Corregimiento","Municipality","",""
279,174,"PAN","Panama",9,"Los Santos",42,"Las Tablas",279,"Bajo Corral",NA,"","Corregimiento","Municipality","",""
280,174,"PAN","Panama",9,"Los Santos",42,"Las Tablas",280,"Bayano",NA,"","Corregimiento","Municipality","",""
281,174,"PAN","Panama",9,"Los Santos",42,"Las Tablas",281,"El Carate",NA,"","Corregimiento","Municipality","",""
282,174,"PAN","Panama",9,"Los Santos",42,"Las Tablas",282,"El Cocal",NA,"","Corregimiento","Municipality","",""
283,174,"PAN","Panama",9,"Los Santos",42,"Las Tablas",283,"El Manantial",NA,"","Corregimiento","Municipality","",""
284,174,"PAN","Panama",9,"Los Santos",42,"Las Tablas",284,"El Muñoz",NA,"","Corregimiento","Municipality","",""
285,174,"PAN","Panama",9,"Los Santos",42,"Las Tablas",285,"El Pedregoso",NA,"","Corregimiento","Municipality","",""
286,174,"PAN","Panama",9,"Los Santos",42,"Las Tablas",286,"La Laja",NA,"","Corregimiento","Municipality","",""
287,174,"PAN","Panama",9,"Los Santos",42,"Las Tablas",287,"La Miel",NA,"","Corregimiento","Municipality","",""
288,174,"PAN","Panama",9,"Los Santos",42,"Las Tablas",288,"La Palma",NA,"","Corregimiento","Municipality","",""
289,174,"PAN","Panama",9,"Los Santos",42,"Las Tablas",289,"La Tiza",NA,"","Corregimiento","Municipality","",""
290,174,"PAN","Panama",9,"Los Santos",42,"Las Tablas",290,"Las Palmitas",NA,"","Corregimiento","Municipality","",""
291,174,"PAN","Panama",9,"Los Santos",42,"Las Tablas",291,"Las Tablas Abajo",NA,"","Corregimiento","Municipality","",""
292,174,"PAN","Panama",9,"Los Santos",42,"Las Tablas",292,"Las Tablas",NA,"","Corregimiento","Municipality","",""
293,174,"PAN","Panama",9,"Los Santos",42,"Las Tablas",293,"Nuario",NA,"","Corregimiento","Municipality","",""
294,174,"PAN","Panama",9,"Los Santos",42,"Las Tablas",294,"Palmira",NA,"","Corregimiento","Municipality","",""
295,174,"PAN","Panama",9,"Los Santos",42,"Las Tablas",295,"Peña Blanca",NA,"","Corregimiento","Municipality","",""
296,174,"PAN","Panama",9,"Los Santos",42,"Las Tablas",296,"Río Hondo",NA,"","Corregimiento","Municipality","",""
297,174,"PAN","Panama",9,"Los Santos",42,"Las Tablas",297,"San José",NA,"","Corregimiento","Municipality","",""
298,174,"PAN","Panama",9,"Los Santos",42,"Las Tablas",298,"San Miguel",NA,"","Corregimiento","Municipality","",""
299,174,"PAN","Panama",9,"Los Santos",42,"Las Tablas",299,"Santo Domingo",NA,"","Corregimiento","Municipality","",""
300,174,"PAN","Panama",9,"Los Santos",42,"Las Tablas",300,"Sesteadero",NA,"","Corregimiento","Municipality","",""
301,174,"PAN","Panama",9,"Los Santos",42,"Las Tablas",301,"Valle Rico",NA,"","Corregimiento","Municipality","",""
302,174,"PAN","Panama",9,"Los Santos",42,"Las Tablas",302,"Vallerriquito",NA,"","Corregimiento","Municipality","",""
303,174,"PAN","Panama",9,"Los Santos",43,"Los Santos",303,"Agua Buena",NA,"","Corregimiento","Municipality","",""
304,174,"PAN","Panama",9,"Los Santos",43,"Los Santos",304,"El Guásimo",NA,"","Corregimiento","Municipality","",""
305,174,"PAN","Panama",9,"Los Santos",43,"Los Santos",305,"La Colorada",NA,"","Corregimiento","Municipality","",""
306,174,"PAN","Panama",9,"Los Santos",43,"Los Santos",306,"La Espigadilla",NA,"","Corregimiento","Municipality","",""
307,174,"PAN","Panama",9,"Los Santos",43,"Los Santos",307,"La Villa de Los Santos",NA,"","Corregimiento","Municipality","",""
308,174,"PAN","Panama",9,"Los Santos",43,"Los Santos",308,"Las Cruces",NA,"","Corregimiento","Municipality","",""
309,174,"PAN","Panama",9,"Los Santos",43,"Los Santos",309,"Las Guabas",NA,"","Corregimiento","Municipality","",""
310,174,"PAN","Panama",9,"Los Santos",43,"Los Santos",310,"Llano Largo",NA,"","Corregimiento","Municipality","",""
311,174,"PAN","Panama",9,"Los Santos",43,"Los Santos",311,"Los Angeles",NA,"","Corregimiento","Municipality","",""
312,174,"PAN","Panama",9,"Los Santos",43,"Los Santos",312,"Los Olivos",NA,"","Corregimiento","Municipality","",""
313,174,"PAN","Panama",9,"Los Santos",43,"Los Santos",313,"Sabanagrande",NA,"","Corregimiento","Municipality","",""
314,174,"PAN","Panama",9,"Los Santos",43,"Los Santos",314,"Santa Ana",NA,"","Corregimiento","Municipality","",""
315,174,"PAN","Panama",9,"Los Santos",43,"Los Santos",315,"Tres Quebradas",NA,"","Corregimiento","Municipality","",""
316,174,"PAN","Panama",9,"Los Santos",43,"Los Santos",316,"Villa Lourdes",NA,"","Corregimiento","Municipality","",""
317,174,"PAN","Panama",9,"Los Santos",44,"Macaracas",317,"Bahía Honda",NA,"","Corregimiento","Municipality","",""
318,174,"PAN","Panama",9,"Los Santos",44,"Macaracas",318,"Bajos de Güera",NA,"","Corregimiento","Municipality","",""
319,174,"PAN","Panama",9,"Los Santos",44,"Macaracas",319,"Chupá",NA,"","Corregimiento","Municipality","",""
320,174,"PAN","Panama",9,"Los Santos",44,"Macaracas",320,"Corozal",NA,"","Corregimiento","Municipality","",""
321,174,"PAN","Panama",9,"Los Santos",44,"Macaracas",321,"El Cedro",NA,"","Corregimiento","Municipality","",""
322,174,"PAN","Panama",9,"Los Santos",44,"Macaracas",322,"Espino Amarillo",NA,"","Corregimiento","Municipality","",""
323,174,"PAN","Panama",9,"Los Santos",44,"Macaracas",323,"La Mesa",NA,"","Corregimiento","Municipality","",""
324,174,"PAN","Panama",9,"Los Santos",44,"Macaracas",324,"Las Palmas",NA,"","Corregimiento","Municipality","",""
325,174,"PAN","Panama",9,"Los Santos",44,"Macaracas",325,"Llano de Piedra",NA,"","Corregimiento","Municipality","",""
326,174,"PAN","Panama",9,"Los Santos",44,"Macaracas",326,"Macaracas",NA,"","Corregimiento","Municipality","",""
327,174,"PAN","Panama",9,"Los Santos",44,"Macaracas",327,"Mogollón",NA,"","Corregimiento","Municipality","",""
328,174,"PAN","Panama",9,"Los Santos",45,"Pedasí",328,"Los Asientos",NA,"","Corregimiento","Municipality","",""
329,174,"PAN","Panama",9,"Los Santos",45,"Pedasí",329,"Mariabé",NA,"","Corregimiento","Municipality","",""
330,174,"PAN","Panama",9,"Los Santos",45,"Pedasí",330,"Oria Arriba",NA,"","Corregimiento","Municipality","",""
331,174,"PAN","Panama",9,"Los Santos",45,"Pedasí",331,"Pedasí",NA,"","Corregimiento","Municipality","",""
332,174,"PAN","Panama",9,"Los Santos",45,"Pedasí",332,"Purio",NA,"","Corregimiento","Municipality","",""
333,174,"PAN","Panama",9,"Los Santos",46,"Pocrí",333,"El Cañafístulo",NA,"","Corregimiento","Municipality","",""
334,174,"PAN","Panama",9,"Los Santos",46,"Pocrí",334,"Lajamina",NA,"","Corregimiento","Municipality","",""
335,174,"PAN","Panama",9,"Los Santos",46,"Pocrí",335,"Paraíso",NA,"","Corregimiento","Municipality","",""
336,174,"PAN","Panama",9,"Los Santos",46,"Pocrí",336,"Paritilla",NA,"","Corregimiento","Municipality","",""
337,174,"PAN","Panama",9,"Los Santos",46,"Pocrí",337,"Pocrí",NA,"","Corregimiento","Municipality","",""
338,174,"PAN","Panama",9,"Los Santos",47,"Tonosí",338,"Altos de Güera",NA,"","Corregimiento","Municipality","",""
339,174,"PAN","Panama",9,"Los Santos",47,"Tonosí",339,"Cañas",NA,"","Corregimiento","Municipality","",""
340,174,"PAN","Panama",9,"Los Santos",47,"Tonosí",340,"Cambutal",NA,"","Corregimiento","Municipality","",""
341,174,"PAN","Panama",9,"Los Santos",47,"Tonosí",341,"El Bebedero",NA,"","Corregimiento","Municipality","",""
342,174,"PAN","Panama",9,"Los Santos",47,"Tonosí",342,"El Cacao",NA,"","Corregimiento","Municipality","",""
343,174,"PAN","Panama",9,"Los Santos",47,"Tonosí",343,"El Cortezo",NA,"","Corregimiento","Municipality","",""
344,174,"PAN","Panama",9,"Los Santos",47,"Tonosí",344,"Flores",NA,"","Corregimiento","Municipality","",""
345,174,"PAN","Panama",9,"Los Santos",47,"Tonosí",345,"Guánico",NA,"","Corregimiento","Municipality","",""
346,174,"PAN","Panama",9,"Los Santos",47,"Tonosí",346,"La Tronosa",NA,"","Corregimiento","Municipality","",""
347,174,"PAN","Panama",9,"Los Santos",47,"Tonosí",347,"Tonosí",NA,"","Corregimiento","Municipality","",""
348,174,"PAN","Panama",10,"Ngöbe Buglé",48,"Ñürüm",348,"Agua De Salud",NA,"","Corregimiento","Municipality","",""
349,174,"PAN","Panama",10,"Ngöbe Buglé",48,"Ñürüm",349,"Alto de Jesús",NA,"","Corregimiento","Municipality","",""
350,174,"PAN","Panama",10,"Ngöbe Buglé",48,"Ñürüm",350,"Buenos Aires",NA,"","Corregimiento","Municipality","",""
351,174,"PAN","Panama",10,"Ngöbe Buglé",48,"Ñürüm",351,"Cerro Pelado",NA,"","Corregimiento","Municipality","",""
352,174,"PAN","Panama",10,"Ngöbe Buglé",48,"Ñürüm",352,"El Bale",NA,"","Corregimiento","Municipality","",""
353,174,"PAN","Panama",10,"Ngöbe Buglé",48,"Ñürüm",353,"El Paredón",NA,"","Corregimiento","Municipality","",""
354,174,"PAN","Panama",10,"Ngöbe Buglé",48,"Ñürüm",354,"El Piro",NA,"","Corregimiento","Municipality","",""
355,174,"PAN","Panama",10,"Ngöbe Buglé",48,"Ñürüm",355,"Güibale",NA,"","Corregimiento","Municipality","",""
356,174,"PAN","Panama",10,"Ngöbe Buglé",48,"Ñürüm",356,"Guayabito",NA,"","Corregimiento","Municipality","",""
357,174,"PAN","Panama",10,"Ngöbe Buglé",49,"Besiko",357,"Boca De Balsa",NA,"","Corregimiento","Municipality","",""
358,174,"PAN","Panama",10,"Ngöbe Buglé",49,"Besiko",358,"Camarón Arriba",NA,"","Corregimiento","Municipality","",""
359,174,"PAN","Panama",10,"Ngöbe Buglé",49,"Besiko",359,"Cerro Banco",NA,"","Corregimiento","Municipality","",""
360,174,"PAN","Panama",10,"Ngöbe Buglé",49,"Besiko",360,"Cerro De Patena",NA,"","Corregimiento","Municipality","",""
361,174,"PAN","Panama",10,"Ngöbe Buglé",49,"Besiko",361,"Emplanada de Chorcha",NA,"","Corregimiento","Municipality","",""
362,174,"PAN","Panama",10,"Ngöbe Buglé",49,"Besiko",362,"Nämnoni",NA,"","Corregimiento","Municipality","",""
363,174,"PAN","Panama",10,"Ngöbe Buglé",49,"Besiko",363,"Niba",NA,"","Corregimiento","Municipality","",""
364,174,"PAN","Panama",10,"Ngöbe Buglé",49,"Besiko",364,"Soloy",NA,"","Corregimiento","Municipality","",""
365,174,"PAN","Panama",10,"Ngöbe Buglé",50,"Kankintú",365,"Büri",NA,"","Corregimiento","Municipality","",""
366,174,"PAN","Panama",10,"Ngöbe Buglé",50,"Kankintú",366,"Bisira",NA,"","Corregimiento","Municipality","",""
367,174,"PAN","Panama",10,"Ngöbe Buglé",50,"Kankintú",367,"Guariviara",NA,"","Corregimiento","Municipality","",""
368,174,"PAN","Panama",10,"Ngöbe Buglé",50,"Kankintú",368,"Guoroní",NA,"","Corregimiento","Municipality","",""
369,174,"PAN","Panama",10,"Ngöbe Buglé",50,"Kankintú",369,"Kankintú",NA,"","Corregimiento","Municipality","",""
370,174,"PAN","Panama",10,"Ngöbe Buglé",50,"Kankintú",370,"Mününi",NA,"","Corregimiento","Municipality","",""
371,174,"PAN","Panama",10,"Ngöbe Buglé",50,"Kankintú",371,"Piedra Roja",NA,"","Corregimiento","Municipality","",""
372,174,"PAN","Panama",10,"Ngöbe Buglé",50,"Kankintú",372,"Tuwai",NA,"","Corregimiento","Municipality","",""
373,174,"PAN","Panama",10,"Ngöbe Buglé",51,"Kusapín",373,"Bahía Azul",NA,"","Corregimiento","Municipality","",""
374,174,"PAN","Panama",10,"Ngöbe Buglé",51,"Kusapín",374,"Calavébora o Santa Catalina",NA,"","Corregimiento","Municipality","",""
375,174,"PAN","Panama",10,"Ngöbe Buglé",51,"Kusapín",375,"Kusapín",NA,"","Corregimiento","Municipality","",""
376,174,"PAN","Panama",10,"Ngöbe Buglé",51,"Kusapín",376,"Loma Yuca",NA,"","Corregimiento","Municipality","",""
377,174,"PAN","Panama",10,"Ngöbe Buglé",51,"Kusapín",377,"Río Chiriquí",NA,"","Corregimiento","Municipality","",""
378,174,"PAN","Panama",10,"Ngöbe Buglé",51,"Kusapín",378,"Tobobe",NA,"","Corregimiento","Municipality","",""
379,174,"PAN","Panama",10,"Ngöbe Buglé",51,"Kusapín",379,"Valle Bonito",NA,"","Corregimiento","Municipality","",""
380,174,"PAN","Panama",10,"Ngöbe Buglé",52,"Müna",380,"Alto Caballero",NA,"","Corregimiento","Municipality","",""
381,174,"PAN","Panama",10,"Ngöbe Buglé",52,"Müna",381,"Bakama",NA,"","Corregimiento","Municipality","",""
382,174,"PAN","Panama",10,"Ngöbe Buglé",52,"Müna",382,"Cerro Caña",NA,"","Corregimiento","Municipality","",""
383,174,"PAN","Panama",10,"Ngöbe Buglé",52,"Müna",383,"Cerro Puerco",NA,"","Corregimiento","Municipality","",""
384,174,"PAN","Panama",10,"Ngöbe Buglé",52,"Müna",384,"Chichica",NA,"","Corregimiento","Municipality","",""
385,174,"PAN","Panama",10,"Ngöbe Buglé",52,"Müna",385,"Krüa",NA,"","Corregimiento","Municipality","",""
386,174,"PAN","Panama",10,"Ngöbe Buglé",52,"Müna",386,"Maraca",NA,"","Corregimiento","Municipality","",""
387,174,"PAN","Panama",10,"Ngöbe Buglé",52,"Müna",387,"Nibra",NA,"","Corregimiento","Municipality","",""
388,174,"PAN","Panama",10,"Ngöbe Buglé",52,"Müna",388,"Peña Blanca",NA,"","Corregimiento","Municipality","",""
389,174,"PAN","Panama",10,"Ngöbe Buglé",52,"Müna",389,"Roka",NA,"","Corregimiento","Municipality","",""
390,174,"PAN","Panama",10,"Ngöbe Buglé",52,"Müna",390,"Sitio Prado",NA,"","Corregimiento","Municipality","",""
391,174,"PAN","Panama",10,"Ngöbe Buglé",52,"Müna",391,"Umani",NA,"","Corregimiento","Municipality","",""
392,174,"PAN","Panama",10,"Ngöbe Buglé",53,"Mironó",392,"Cascabel",NA,"","Corregimiento","Municipality","",""
393,174,"PAN","Panama",10,"Ngöbe Buglé",53,"Mironó",393,"Hato Corotú",NA,"","Corregimiento","Municipality","",""
394,174,"PAN","Panama",10,"Ngöbe Buglé",53,"Mironó",394,"Hato Culantro",NA,"","Corregimiento","Municipality","",""
395,174,"PAN","Panama",10,"Ngöbe Buglé",53,"Mironó",395,"Hato Jobo",NA,"","Corregimiento","Municipality","",""
396,174,"PAN","Panama",10,"Ngöbe Buglé",53,"Mironó",396,"Hato Julí",NA,"","Corregimiento","Municipality","",""
397,174,"PAN","Panama",10,"Ngöbe Buglé",53,"Mironó",397,"Hato Pilón",NA,"","Corregimiento","Municipality","",""
398,174,"PAN","Panama",10,"Ngöbe Buglé",53,"Mironó",398,"Quebrada de Loro",NA,"","Corregimiento","Municipality","",""
399,174,"PAN","Panama",10,"Ngöbe Buglé",53,"Mironó",399,"Salto Dupí",NA,"","Corregimiento","Municipality","",""
400,174,"PAN","Panama",10,"Ngöbe Buglé",54,"Nole Duima",400,"Cerro Iglesias",NA,"","Corregimiento","Municipality","",""
401,174,"PAN","Panama",10,"Ngöbe Buglé",54,"Nole Duima",401,"Hato Chamí",NA,"","Corregimiento","Municipality","",""
402,174,"PAN","Panama",10,"Ngöbe Buglé",54,"Nole Duima",402,"Jädeberi",NA,"","Corregimiento","Municipality","",""
403,174,"PAN","Panama",10,"Ngöbe Buglé",54,"Nole Duima",403,"Lajero",NA,"","Corregimiento","Municipality","",""
404,174,"PAN","Panama",10,"Ngöbe Buglé",54,"Nole Duima",404,"Susama",NA,"","Corregimiento","Municipality","",""
405,174,"PAN","Panama",11,"Panamá Oeste",55,"Arraiján",405,"Arraiján",NA,"","Corregimiento","Municipality","",""
406,174,"PAN","Panama",11,"Panamá Oeste",55,"Arraiján",406,"Juan Demóstenes Arosemena",NA,"","Corregimiento","Municipality","",""
407,174,"PAN","Panama",11,"Panamá Oeste",55,"Arraiján",407,"Nuevo Emperador",NA,"","Corregimiento","Municipality","",""
408,174,"PAN","Panama",11,"Panamá Oeste",55,"Arraiján",408,"Santa Clara",NA,"","Corregimiento","Municipality","",""
409,174,"PAN","Panama",11,"Panamá Oeste",55,"Arraiján",409,"Veracruz",NA,"","Corregimiento","Municipality","",""
410,174,"PAN","Panama",11,"Panamá Oeste",55,"Arraiján",410,"Vista Alegre",NA,"","Corregimiento","Municipality","",""
411,174,"PAN","Panama",11,"Panamá Oeste",56,"Capira",411,"Caimito",NA,"","Corregimiento","Municipality","",""
412,174,"PAN","Panama",11,"Panamá Oeste",56,"Capira",412,"Campana",NA,"","Corregimiento","Municipality","",""
413,174,"PAN","Panama",11,"Panamá Oeste",56,"Capira",413,"Capira",NA,"","Corregimiento","Municipality","",""
414,174,"PAN","Panama",11,"Panamá Oeste",56,"Capira",414,"Cermeño",NA,"","Corregimiento","Municipality","",""
415,174,"PAN","Panama",11,"Panamá Oeste",56,"Capira",415,"Cirí de los Sotos",NA,"","Corregimiento","Municipality","",""
416,174,"PAN","Panama",11,"Panamá Oeste",56,"Capira",416,"Cirí Grande",NA,"","Corregimiento","Municipality","",""
417,174,"PAN","Panama",11,"Panamá Oeste",56,"Capira",417,"El Cacao",NA,"","Corregimiento","Municipality","",""
418,174,"PAN","Panama",11,"Panamá Oeste",56,"Capira",418,"La Trinidad",NA,"","Corregimiento","Municipality","",""
419,174,"PAN","Panama",11,"Panamá Oeste",56,"Capira",419,"Lídice",NA,"","Corregimiento","Municipality","",""
420,174,"PAN","Panama",11,"Panamá Oeste",56,"Capira",420,"Las Ollas Arriba",NA,"","Corregimiento","Municipality","",""
421,174,"PAN","Panama",11,"Panamá Oeste",56,"Capira",421,"Santa Rosa",NA,"","Corregimiento","Municipality","",""
422,174,"PAN","Panama",11,"Panamá Oeste",56,"Capira",422,"Villa Carmen",NA,"","Corregimiento","Municipality","",""
423,174,"PAN","Panama",11,"Panamá Oeste",56,"Capira",423,"Villa Rosario",NA,"","Corregimiento","Municipality","",""
424,174,"PAN","Panama",11,"Panamá Oeste",57,"Chame",424,"Bejuco",NA,"","Corregimiento","Municipality","",""
425,174,"PAN","Panama",11,"Panamá Oeste",57,"Chame",425,"Buenos Aires",NA,"","Corregimiento","Municipality","",""
426,174,"PAN","Panama",11,"Panamá Oeste",57,"Chame",426,"Cabuya",NA,"","Corregimiento","Municipality","",""
427,174,"PAN","Panama",11,"Panamá Oeste",57,"Chame",427,"Chame",NA,"","Corregimiento","Municipality","",""
428,174,"PAN","Panama",11,"Panamá Oeste",57,"Chame",428,"Chicá",NA,"","Corregimiento","Municipality","",""
429,174,"PAN","Panama",11,"Panamá Oeste",57,"Chame",429,"El Libano",NA,"","Corregimiento","Municipality","",""
430,174,"PAN","Panama",11,"Panamá Oeste",57,"Chame",430,"Las Lajas",NA,"","Corregimiento","Municipality","",""
431,174,"PAN","Panama",11,"Panamá Oeste",57,"Chame",431,"Nueva Gorgona",NA,"","Corregimiento","Municipality","",""
432,174,"PAN","Panama",11,"Panamá Oeste",57,"Chame",432,"Punta Chame",NA,"","Corregimiento","Municipality","",""
433,174,"PAN","Panama",11,"Panamá Oeste",57,"Chame",433,"Sajalices",NA,"","Corregimiento","Municipality","",""
434,174,"PAN","Panama",11,"Panamá Oeste",57,"Chame",434,"Sorá",NA,"","Corregimiento","Municipality","",""
435,174,"PAN","Panama",11,"Panamá Oeste",58,"La Chorrera",435,"Amador",NA,"","Corregimiento","Municipality","",""
436,174,"PAN","Panama",11,"Panamá Oeste",58,"La Chorrera",436,"Arosemena",NA,"","Corregimiento","Municipality","",""
437,174,"PAN","Panama",11,"Panamá Oeste",58,"La Chorrera",437,"Barrio Balboa",NA,"","Corregimiento","Municipality","",""
438,174,"PAN","Panama",11,"Panamá Oeste",58,"La Chorrera",438,"Barrio Colón",NA,"","Corregimiento","Municipality","",""
439,174,"PAN","Panama",11,"Panamá Oeste",58,"La Chorrera",439,"El Arado",NA,"","Corregimiento","Municipality","",""
440,174,"PAN","Panama",11,"Panamá Oeste",58,"La Chorrera",440,"El Coco",NA,"","Corregimiento","Municipality","",""
441,174,"PAN","Panama",11,"Panamá Oeste",58,"La Chorrera",441,"Feuillet",NA,"","Corregimiento","Municipality","",""
442,174,"PAN","Panama",11,"Panamá Oeste",58,"La Chorrera",442,"Guadalupe",NA,"","Corregimiento","Municipality","",""
443,174,"PAN","Panama",11,"Panamá Oeste",58,"La Chorrera",443,"Herrera",NA,"","Corregimiento","Municipality","",""
444,174,"PAN","Panama",11,"Panamá Oeste",58,"La Chorrera",444,"Hurtado",NA,"","Corregimiento","Municipality","",""
445,174,"PAN","Panama",11,"Panamá Oeste",58,"La Chorrera",445,"Iturralde",NA,"","Corregimiento","Municipality","",""
446,174,"PAN","Panama",11,"Panamá Oeste",58,"La Chorrera",446,"La Represa",NA,"","Corregimiento","Municipality","",""
447,174,"PAN","Panama",11,"Panamá Oeste",58,"La Chorrera",447,"Los Díaz",NA,"","Corregimiento","Municipality","",""
448,174,"PAN","Panama",11,"Panamá Oeste",58,"La Chorrera",448,"Mendoza",NA,"","Corregimiento","Municipality","",""
449,174,"PAN","Panama",11,"Panamá Oeste",58,"La Chorrera",449,"Obaldía",NA,"","Corregimiento","Municipality","",""
450,174,"PAN","Panama",11,"Panamá Oeste",58,"La Chorrera",450,"Playa Leona",NA,"","Corregimiento","Municipality","",""
451,174,"PAN","Panama",11,"Panamá Oeste",58,"La Chorrera",451,"Puerto Caimito",NA,"","Corregimiento","Municipality","",""
452,174,"PAN","Panama",11,"Panamá Oeste",58,"La Chorrera",452,"Santa Rita",NA,"","Corregimiento","Municipality","",""
453,174,"PAN","Panama",11,"Panamá Oeste",59,"Lago Gatún",453,"Waterbody",NA,"","Water body","Water body","",""
454,174,"PAN","Panama",11,"Panamá Oeste",60,"San Carlos",454,"El Espino",NA,"","Corregimiento","Municipality","",""
455,174,"PAN","Panama",11,"Panamá Oeste",60,"San Carlos",455,"El Higo",NA,"","Corregimiento","Municipality","",""
456,174,"PAN","Panama",11,"Panamá Oeste",60,"San Carlos",456,"Guayabito",NA,"","Corregimiento","Municipality","",""
457,174,"PAN","Panama",11,"Panamá Oeste",60,"San Carlos",457,"La Ermita",NA,"","Corregimiento","Municipality","",""
458,174,"PAN","Panama",11,"Panamá Oeste",60,"San Carlos",458,"La Laguna",NA,"","Corregimiento","Municipality","",""
459,174,"PAN","Panama",11,"Panamá Oeste",60,"San Carlos",459,"Las Uvas",NA,"","Corregimiento","Municipality","",""
460,174,"PAN","Panama",11,"Panamá Oeste",60,"San Carlos",460,"Los Llanitos",NA,"","Corregimiento","Municipality","",""
461,174,"PAN","Panama",11,"Panamá Oeste",60,"San Carlos",461,"San Carlos",NA,"","Corregimiento","Municipality","",""
462,174,"PAN","Panama",11,"Panamá Oeste",60,"San Carlos",462,"San José",NA,"","Corregimiento","Municipality","",""
463,174,"PAN","Panama",11,"Panamá Oeste",61,"Taboga",463,"Otoque Occidente",NA,"","Corregimiento","Municipality","",""
464,174,"PAN","Panama",11,"Panamá Oeste",61,"Taboga",464,"Otoque Oriente",NA,"","Corregimiento","Municipality","",""
465,174,"PAN","Panama",11,"Panamá Oeste",61,"Taboga",465,"Taboga",NA,"","Corregimiento","Municipality","",""
466,174,"PAN","Panama",12,"Panamá",62,"Balboa",466,"La Ensenada",NA,"","Corregimiento","Municipality","",""
467,174,"PAN","Panama",12,"Panamá",62,"Balboa",467,"La Esmeralda",NA,"","Corregimiento","Municipality","",""
468,174,"PAN","Panama",12,"Panamá",62,"Balboa",468,"La Guinea",NA,"","Corregimiento","Municipality","",""
469,174,"PAN","Panama",12,"Panamá",62,"Balboa",469,"Pedro González",NA,"","Corregimiento","Municipality","",""
470,174,"PAN","Panama",12,"Panamá",62,"Balboa",470,"Saboga",NA,"","Corregimiento","Municipality","",""
471,174,"PAN","Panama",12,"Panamá",62,"Balboa",471,"San Miguel",NA,"","Corregimiento","Municipality","",""
472,174,"PAN","Panama",12,"Panamá",63,"Chepo",472,"Cañita",NA,"","Corregimiento","Municipality","",""
473,174,"PAN","Panama",12,"Panamá",63,"Chepo",473,"Chepillo",NA,"","Corregimiento","Municipality","",""
474,174,"PAN","Panama",12,"Panamá",63,"Chepo",474,"Chepo",NA,"","Corregimiento","Municipality","",""
475,174,"PAN","Panama",12,"Panamá",63,"Chepo",475,"El Llano",NA,"","Corregimiento","Municipality","",""
476,174,"PAN","Panama",12,"Panamá",63,"Chepo",476,"Kuna de Madungandí",NA,"","Comarca Indígena","Indigenous Territory","",""
477,174,"PAN","Panama",12,"Panamá",63,"Chepo",477,"Las Margaritas",NA,"","Corregimiento","Municipality","",""
478,174,"PAN","Panama",12,"Panamá",63,"Chepo",478,"Santa Cruz de Chinina",NA,"","Corregimiento","Municipality","",""
479,174,"PAN","Panama",12,"Panamá",63,"Chepo",479,"Tortí",NA,"","Corregimiento","Municipality","",""
480,174,"PAN","Panama",12,"Panamá",64,"Chimán",480,"Brujas",NA,"","Corregimiento","Municipality","",""
481,174,"PAN","Panama",12,"Panamá",64,"Chimán",481,"Chimán",NA,"","Corregimiento","Municipality","",""
482,174,"PAN","Panama",12,"Panamá",64,"Chimán",482,"Gonzalo Vasquez",NA,"","Corregimiento","Municipality","",""
483,174,"PAN","Panama",12,"Panamá",64,"Chimán",483,"Pasiga",NA,"","Corregimiento","Municipality","",""
484,174,"PAN","Panama",12,"Panamá",64,"Chimán",484,"Unión Santeña",NA,"","Corregimiento","Municipality","",""
485,174,"PAN","Panama",12,"Panamá",65,"Lago Alajuela",485,"Waterbody",NA,"","Water body","Water body","",""
486,174,"PAN","Panama",12,"Panamá",66,"Lago Bayano",486,"Waterbody",NA,"","Water body","Water body","",""
487,174,"PAN","Panama",12,"Panamá",67,"Panamá",487,"Ancón",NA,"","Corregimiento","Municipality","",""
488,174,"PAN","Panama",12,"Panamá",67,"Panamá",488,"Bella Vista",NA,"","Corregimiento","Municipality","",""
489,174,"PAN","Panama",12,"Panamá",67,"Panamá",489,"Betania",NA,"","Corregimiento","Municipality","",""
490,174,"PAN","Panama",12,"Panamá",67,"Panamá",490,"Chilibre",NA,"","Corregimiento","Municipality","",""
491,174,"PAN","Panama",12,"Panamá",67,"Panamá",491,"Curundú",NA,"","Corregimiento","Municipality","",""
492,174,"PAN","Panama",12,"Panamá",67,"Panamá",492,"El Chorrillo",NA,"","Corregimiento","Municipality","",""
493,174,"PAN","Panama",12,"Panamá",67,"Panamá",493,"Juan Díaz",NA,"","Corregimiento","Municipality","",""
494,174,"PAN","Panama",12,"Panamá",67,"Panamá",494,"La Exposición o Calidonia",NA,"","Corregimiento","Municipality","",""
495,174,"PAN","Panama",12,"Panamá",67,"Panamá",495,"Las Cumbres",NA,"","Corregimiento","Municipality","",""
496,174,"PAN","Panama",12,"Panamá",67,"Panamá",496,"Pacora",NA,"","Corregimiento","Municipality","",""
497,174,"PAN","Panama",12,"Panamá",67,"Panamá",497,"Parque Lefevre",NA,"","Corregimiento","Municipality","",""
498,174,"PAN","Panama",12,"Panamá",67,"Panamá",498,"Pedregal",NA,"","Corregimiento","Municipality","",""
499,174,"PAN","Panama",12,"Panamá",67,"Panamá",499,"Pueblo Nuevo",NA,"","Corregimiento","Municipality","",""
500,174,"PAN","Panama",12,"Panamá",67,"Panamá",500,"Río Abajo",NA,"","Corregimiento","Municipality","",""
501,174,"PAN","Panama",12,"Panamá",67,"Panamá",501,"San Felipe",NA,"","Corregimiento","Municipality","",""
502,174,"PAN","Panama",12,"Panamá",67,"Panamá",502,"San Francisco",NA,"","Corregimiento","Municipality","",""
503,174,"PAN","Panama",12,"Panamá",67,"Panamá",503,"San Martín",NA,"","Corregimiento","Municipality","",""
504,174,"PAN","Panama",12,"Panamá",67,"Panamá",504,"Santa Ana",NA,"","Corregimiento","Municipality","",""
505,174,"PAN","Panama",12,"Panamá",67,"Panamá",505,"Tocumen",NA,"","Corregimiento","Municipality","",""
506,174,"PAN","Panama",12,"Panamá",68,"San Miguelito",506,"Amelia Denis de Icaza",NA,"","Corregimiento","Municipality","",""
507,174,"PAN","Panama",12,"Panamá",68,"San Miguelito",507,"Arnulfo Arias",NA,"","Corregimiento","Municipality","",""
508,174,"PAN","Panama",12,"Panamá",68,"San Miguelito",508,"Belisario Frías",NA,"","Corregimiento","Municipality","",""
509,174,"PAN","Panama",12,"Panamá",68,"San Miguelito",509,"Belisario Porras",NA,"","Corregimiento","Municipality","",""
510,174,"PAN","Panama",12,"Panamá",68,"San Miguelito",510,"José Domingo Espinar",NA,"","Corregimiento","Municipality","",""
511,174,"PAN","Panama",12,"Panamá",68,"San Miguelito",511,"Mateo Iturralde",NA,"","Corregimiento","Municipality","",""
512,174,"PAN","Panama",12,"Panamá",68,"San Miguelito",512,"Omar Torrijos",NA,"","Corregimiento","Municipality","",""
513,174,"PAN","Panama",12,"Panamá",68,"San Miguelito",513,"Rufina Alfaro",NA,"","Corregimiento","Municipality","",""
514,174,"PAN","Panama",12,"Panamá",68,"San Miguelito",514,"Victoriano Lorenzo",NA,"","Corregimiento","Municipality","",""
515,174,"PAN","Panama",13,"Veraguas",69,"Atalaya",515,"Atalaya",NA,"","Corregimiento","Municipality","",""
516,174,"PAN","Panama",13,"Veraguas",69,"Atalaya",516,"El Barrito",NA,"","Corregimiento","Municipality","",""
517,174,"PAN","Panama",13,"Veraguas",69,"Atalaya",517,"La Carrillo",NA,"","Corregimiento","Municipality","",""
518,174,"PAN","Panama",13,"Veraguas",69,"Atalaya",518,"La Montañuela",NA,"","Corregimiento","Municipality","",""
519,174,"PAN","Panama",13,"Veraguas",69,"Atalaya",519,"San Antonio",NA,"","Corregimiento","Municipality","",""
520,174,"PAN","Panama",13,"Veraguas",70,"Cañazas",520,"Cañazas",NA,"","Corregimiento","Municipality","",""
521,174,"PAN","Panama",13,"Veraguas",70,"Cañazas",521,"Cerro de Plata",NA,"","Corregimiento","Municipality","",""
522,174,"PAN","Panama",13,"Veraguas",70,"Cañazas",522,"El Picador",NA,"","Corregimiento","Municipality","",""
523,174,"PAN","Panama",13,"Veraguas",70,"Cañazas",523,"Los Valles",NA,"","Corregimiento","Municipality","",""
524,174,"PAN","Panama",13,"Veraguas",70,"Cañazas",524,"San José",NA,"","Corregimiento","Municipality","",""
525,174,"PAN","Panama",13,"Veraguas",70,"Cañazas",525,"San Marcelo",NA,"","Corregimiento","Municipality","",""
526,174,"PAN","Panama",13,"Veraguas",71,"Calobre",526,"Barnizal",NA,"","Corregimiento","Municipality","",""
527,174,"PAN","Panama",13,"Veraguas",71,"Calobre",527,"Calobre",NA,"","Corregimiento","Municipality","",""
528,174,"PAN","Panama",13,"Veraguas",71,"Calobre",528,"Chitra",NA,"","Corregimiento","Municipality","",""
529,174,"PAN","Panama",13,"Veraguas",71,"Calobre",529,"El Cocla",NA,"","Corregimiento","Municipality","",""
530,174,"PAN","Panama",13,"Veraguas",71,"Calobre",530,"El Potrero",NA,"","Corregimiento","Municipality","",""
531,174,"PAN","Panama",13,"Veraguas",71,"Calobre",531,"La Laguna",NA,"","Corregimiento","Municipality","",""
532,174,"PAN","Panama",13,"Veraguas",71,"Calobre",532,"La Raya de Calobre",NA,"","Corregimiento","Municipality","",""
533,174,"PAN","Panama",13,"Veraguas",71,"Calobre",533,"La Tetilla",NA,"","Corregimiento","Municipality","",""
534,174,"PAN","Panama",13,"Veraguas",71,"Calobre",534,"La Yeguada",NA,"","Corregimiento","Municipality","",""
535,174,"PAN","Panama",13,"Veraguas",71,"Calobre",535,"Las Guías",NA,"","Corregimiento","Municipality","",""
536,174,"PAN","Panama",13,"Veraguas",71,"Calobre",536,"Monjarás",NA,"","Corregimiento","Municipality","",""
537,174,"PAN","Panama",13,"Veraguas",71,"Calobre",537,"San José",NA,"","Corregimiento","Municipality","",""
538,174,"PAN","Panama",13,"Veraguas",72,"La Mesa",538,"Bisvalles",NA,"","Corregimiento","Municipality","",""
539,174,"PAN","Panama",13,"Veraguas",72,"La Mesa",539,"Boró",NA,"","Corregimiento","Municipality","",""
540,174,"PAN","Panama",13,"Veraguas",72,"La Mesa",540,"La Mesa",NA,"","Corregimiento","Municipality","",""
541,174,"PAN","Panama",13,"Veraguas",72,"La Mesa",541,"Llano Grande",NA,"","Corregimiento","Municipality","",""
542,174,"PAN","Panama",13,"Veraguas",72,"La Mesa",542,"San Bartolo",NA,"","Corregimiento","Municipality","",""
543,174,"PAN","Panama",13,"Veraguas",73,"Las Palmas",543,"Cerro de Casa",NA,"","Corregimiento","Municipality","",""
544,174,"PAN","Panama",13,"Veraguas",73,"Las Palmas",544,"Corozal",NA,"","Corregimiento","Municipality","",""
545,174,"PAN","Panama",13,"Veraguas",73,"Las Palmas",545,"El María",NA,"","Corregimiento","Municipality","",""
546,174,"PAN","Panama",13,"Veraguas",73,"Las Palmas",546,"El Prado",NA,"","Corregimiento","Municipality","",""
547,174,"PAN","Panama",13,"Veraguas",73,"Las Palmas",547,"El Rincón",NA,"","Corregimiento","Municipality","",""
548,174,"PAN","Panama",13,"Veraguas",73,"Las Palmas",548,"Las Palmas",NA,"","Corregimiento","Municipality","",""
549,174,"PAN","Panama",13,"Veraguas",73,"Las Palmas",549,"Lolá",NA,"","Corregimiento","Municipality","",""
550,174,"PAN","Panama",13,"Veraguas",73,"Las Palmas",550,"Pixvae",NA,"","Corregimiento","Municipality","",""
551,174,"PAN","Panama",13,"Veraguas",73,"Las Palmas",551,"Puerto Vidal",NA,"","Corregimiento","Municipality","",""
552,174,"PAN","Panama",13,"Veraguas",73,"Las Palmas",552,"San Martín de Porres",NA,"","Corregimiento","Municipality","",""
553,174,"PAN","Panama",13,"Veraguas",73,"Las Palmas",553,"Viguí",NA,"","Corregimiento","Municipality","",""
554,174,"PAN","Panama",13,"Veraguas",73,"Las Palmas",554,"Zapotillo",NA,"","Corregimiento","Municipality","",""
555,174,"PAN","Panama",13,"Veraguas",74,"Montijo",555,"Arenas",NA,"","Corregimiento","Municipality","",""
556,174,"PAN","Panama",13,"Veraguas",74,"Montijo",556,"Gobernadora",NA,"","Corregimiento","Municipality","",""
557,174,"PAN","Panama",13,"Veraguas",74,"Montijo",557,"La Garceana",NA,"","Corregimiento","Municipality","",""
558,174,"PAN","Panama",13,"Veraguas",74,"Montijo",558,"Leones",NA,"","Corregimiento","Municipality","",""
559,174,"PAN","Panama",13,"Veraguas",74,"Montijo",559,"Llano de Catival",NA,"","Corregimiento","Municipality","",""
560,174,"PAN","Panama",13,"Veraguas",74,"Montijo",560,"Montijo",NA,"","Corregimiento","Municipality","",""
561,174,"PAN","Panama",13,"Veraguas",74,"Montijo",561,"Pilón",NA,"","Corregimiento","Municipality","",""
562,174,"PAN","Panama",13,"Veraguas",74,"Montijo",562,"Quebro",NA,"","Corregimiento","Municipality","",""
563,174,"PAN","Panama",13,"Veraguas",74,"Montijo",563,"Tebario",NA,"","Corregimiento","Municipality","",""
564,174,"PAN","Panama",13,"Veraguas",75,"Río de Jesús",564,"Catorce de Noviembre",NA,"","Corregimiento","Municipality","",""
565,174,"PAN","Panama",13,"Veraguas",75,"Río de Jesús",565,"Las Huacas",NA,"","Corregimiento","Municipality","",""
566,174,"PAN","Panama",13,"Veraguas",75,"Río de Jesús",566,"Los Castillos",NA,"","Corregimiento","Municipality","",""
567,174,"PAN","Panama",13,"Veraguas",75,"Río de Jesús",567,"Río de Jesús",NA,"","Corregimiento","Municipality","",""
568,174,"PAN","Panama",13,"Veraguas",75,"Río de Jesús",568,"Utira",NA,"","Corregimiento","Municipality","",""
569,174,"PAN","Panama",13,"Veraguas",76,"San Francisco",569,"Corral Falso",NA,"","Corregimiento","Municipality","",""
570,174,"PAN","Panama",13,"Veraguas",76,"San Francisco",570,"Los Hatillos",NA,"","Corregimiento","Municipality","",""
571,174,"PAN","Panama",13,"Veraguas",76,"San Francisco",571,"Remance",NA,"","Corregimiento","Municipality","",""
572,174,"PAN","Panama",13,"Veraguas",76,"San Francisco",572,"San Francisco",NA,"","Corregimiento","Municipality","",""
573,174,"PAN","Panama",13,"Veraguas",76,"San Francisco",573,"San Juan",NA,"","Corregimiento","Municipality","",""
574,174,"PAN","Panama",13,"Veraguas",77,"Santa Fe",574,"Calovébora",NA,"","Corregimiento","Municipality","",""
575,174,"PAN","Panama",13,"Veraguas",77,"Santa Fe",575,"El Alto",NA,"","Corregimiento","Municipality","",""
576,174,"PAN","Panama",13,"Veraguas",77,"Santa Fe",576,"El Cuay",NA,"","Corregimiento","Municipality","",""
577,174,"PAN","Panama",13,"Veraguas",77,"Santa Fe",577,"El Pantano",NA,"","Corregimiento","Municipality","",""
578,174,"PAN","Panama",13,"Veraguas",77,"Santa Fe",578,"Gatú o Gatucito",NA,"","Corregimiento","Municipality","",""
579,174,"PAN","Panama",13,"Veraguas",77,"Santa Fe",579,"Río Luis",NA,"","Corregimiento","Municipality","",""
580,174,"PAN","Panama",13,"Veraguas",77,"Santa Fe",580,"Santa Fe",NA,"","Corregimiento","Municipality","",""
581,174,"PAN","Panama",13,"Veraguas",78,"Santiago",581,"Canto del Llano",NA,"","Corregimiento","Municipality","",""
582,174,"PAN","Panama",13,"Veraguas",78,"Santiago",582,"La Colorada",NA,"","Corregimiento","Municipality","",""
583,174,"PAN","Panama",13,"Veraguas",78,"Santiago",583,"La Peña",NA,"","Corregimiento","Municipality","",""
584,174,"PAN","Panama",13,"Veraguas",78,"Santiago",584,"La Raya de Santa María",NA,"","Corregimiento","Municipality","",""
585,174,"PAN","Panama",13,"Veraguas",78,"Santiago",585,"Los Algarrobos",NA,"","Corregimiento","Municipality","",""
586,174,"PAN","Panama",13,"Veraguas",78,"Santiago",586,"Ponuga",NA,"","Corregimiento","Municipality","",""
587,174,"PAN","Panama",13,"Veraguas",78,"Santiago",587,"San Pedro del Espino",NA,"","Corregimiento","Municipality","",""
588,174,"PAN","Panama",13,"Veraguas",78,"Santiago",588,"Santiago",NA,"","Corregimiento","Municipality","",""
589,174,"PAN","Panama",13,"Veraguas",79,"Soná",589,"Bahía Honda",NA,"","Corregimiento","Municipality","",""
590,174,"PAN","Panama",13,"Veraguas",79,"Soná",590,"Calidonia",NA,"","Corregimiento","Municipality","",""
591,174,"PAN","Panama",13,"Veraguas",79,"Soná",591,"Cativé",NA,"","Corregimiento","Municipality","",""
592,174,"PAN","Panama",13,"Veraguas",79,"Soná",592,"El Marañón",NA,"","Corregimiento","Municipality","",""
593,174,"PAN","Panama",13,"Veraguas",79,"Soná",593,"Guarumal",NA,"","Corregimiento","Municipality","",""
594,174,"PAN","Panama",13,"Veraguas",79,"Soná",594,"La Soledad",NA,"","Corregimiento","Municipality","",""
595,174,"PAN","Panama",13,"Veraguas",79,"Soná",595,"Quebrada de Oro",NA,"","Corregimiento","Municipality","",""
596,174,"PAN","Panama",13,"Veraguas",79,"Soná",596,"Río Grande",NA,"","Corregimiento","Municipality","",""
597,174,"PAN","Panama",13,"Veraguas",79,"Soná",597,"Rodeo Viejo",NA,"","Corregimiento","Municipality","",""
598,174,"PAN","Panama",13,"Veraguas",79,"Soná",598,"Soná",NA,"","Corregimiento","Municipality","",""
